{
    "batch_size": 128,
    "embedding_dim": 128,
    "units": 128,
    "dropout": 0.38694622776499354,
    "learning_rate": 0.001433086132677147
}