{
    "batch_size": 32,
    "embedding_dim": 256,
    "units": 64,
    "dropout": 0.30529677034772323,
    "learning_rate": 0.0017201173447122656
}